{
  "project_info": {
    "project_number": "565704979093",
    "firebase_url": "https://owo-blood.firebaseio.com",
    "project_id": "owo-blood",
    "storage_bucket": "owo-blood.appspot.com"
  },
  "client": [
    {
      "client_info": {
        "mobilesdk_app_id": "1:565704979093:android:5eda8d62d9e9d34454219c",
        "android_client_info": {
          "package_name": "com.akkashi.maddi.fitness"
        }
      },
      "oauth_client": [
        {
          "client_id": "565704979093-dreble4f6maiggtuf5n6udie9eujb6uv.apps.googleusercontent.com",
          "client_type": 1,
          "android_info": {
            "package_name": "com.akkashi.maddi.fitness",
            "certificate_hash": "82618cd902795bf5165180982224b995e8bfc5ec"
          }
        },
        {
          "client_id": "565704979093-9pvclqk6t1aemfcgl5iqko12nvhnqamm.apps.googleusercontent.com",
          "client_type": 3
        }
      ],
      "api_key": [
        {
          "current_key": "AIzaSyCIwBcsTSIdHJJZFwoviuB5_aEEQ3CuAro"
        }
      ],
      "services": {
        "appinvite_service": {
          "other_platform_oauth_client": [
            {
              "client_id": "565704979093-9pvclqk6t1aemfcgl5iqko12nvhnqamm.apps.googleusercontent.com",
              "client_type": 3
            },
            {
              "client_id": "565704979093-nddohtjvjbtanl8pk99h5k3gpktetam7.apps.googleusercontent.com",
              "client_type": 2,
              "ios_info": {
                "bundle_id": "com.wrteam.flutterquiz"
              }
            }
          ]
        }
      }
    },
    {
      "client_info": {
        "mobilesdk_app_id": "1:565704979093:android:c37f78433000cffc54219c",
        "android_client_info": {
          "package_name": "com.badbaado.appbaado.bloodbank"
        }
      },
      "oauth_client": [
        {
          "client_id": "565704979093-gv5ipgcl5cm2b8ubclshglt55nqpjjdh.apps.googleusercontent.com",
          "client_type": 1,
          "android_info": {
            "package_name": "com.badbaado.appbaado.bloodbank",
            "certificate_hash": "aa91856c315ccea3deea33a68c07a697e235538d"
          }
        },
        {
          "client_id": "565704979093-vun5b8sj0g8n8clbk0kkul3caadaqrjc.apps.googleusercontent.com",
          "client_type": 1,
          "android_info": {
            "package_name": "com.badbaado.appbaado.bloodbank",
            "certificate_hash": "22e194b24379b28133e9af2a8180e1779dae92d8"
          }
        },
        {
          "client_id": "565704979093-9pvclqk6t1aemfcgl5iqko12nvhnqamm.apps.googleusercontent.com",
          "client_type": 3
        }
      ],
      "api_key": [
        {
          "current_key": "AIzaSyCIwBcsTSIdHJJZFwoviuB5_aEEQ3CuAro"
        }
      ],
      "services": {
        "appinvite_service": {
          "other_platform_oauth_client": [
            {
              "client_id": "565704979093-9pvclqk6t1aemfcgl5iqko12nvhnqamm.apps.googleusercontent.com",
              "client_type": 3
            },
            {
              "client_id": "565704979093-nddohtjvjbtanl8pk99h5k3gpktetam7.apps.googleusercontent.com",
              "client_type": 2,
              "ios_info": {
                "bundle_id": "com.wrteam.flutterquiz"
              }
            }
          ]
        }
      }
    },
    {
      "client_info": {
        "mobilesdk_app_id": "1:565704979093:android:d3933308fc2dee1a54219c",
        "android_client_info": {
          "package_name": "com.e.pharmacy"
        }
      },
      "oauth_client": [
        {
          "client_id": "565704979093-28s8iben0r9h42qj2etmd8s6eltld3hu.apps.googleusercontent.com",
          "client_type": 1,
          "android_info": {
            "package_name": "com.e.pharmacy",
            "certificate_hash": "ab06cf67599fa0a2f049d949c4a6b2821f6108ce"
          }
        },
        {
          "client_id": "565704979093-9pvclqk6t1aemfcgl5iqko12nvhnqamm.apps.googleusercontent.com",
          "client_type": 3
        }
      ],
      "api_key": [
        {
          "current_key": "AIzaSyCIwBcsTSIdHJJZFwoviuB5_aEEQ3CuAro"
        }
      ],
      "services": {
        "appinvite_service": {
          "other_platform_oauth_client": [
            {
              "client_id": "565704979093-9pvclqk6t1aemfcgl5iqko12nvhnqamm.apps.googleusercontent.com",
              "client_type": 3
            },
            {
              "client_id": "565704979093-nddohtjvjbtanl8pk99h5k3gpktetam7.apps.googleusercontent.com",
              "client_type": 2,
              "ios_info": {
                "bundle_id": "com.wrteam.flutterquiz"
              }
            }
          ]
        }
      }
    },
    {
      "client_info": {
        "mobilesdk_app_id": "1:565704979093:android:7a878913588cb4fe54219c",
        "android_client_info": {
          "package_name": "com.gcu.sam.jobportal"
        }
      },
      "oauth_client": [
        {
          "client_id": "565704979093-4qstm4e9foavifjvrbaj9ro4p1el592n.apps.googleusercontent.com",
          "client_type": 1,
          "android_info": {
            "package_name": "com.gcu.sam.jobportal",
            "certificate_hash": "ab06cf67599fa0a2f049d949c4a6b2821f6108ce"
          }
        },
        {
          "client_id": "565704979093-9pvclqk6t1aemfcgl5iqko12nvhnqamm.apps.googleusercontent.com",
          "client_type": 3
        }
      ],
      "api_key": [
        {
          "current_key": "AIzaSyCIwBcsTSIdHJJZFwoviuB5_aEEQ3CuAro"
        }
      ],
      "services": {
        "appinvite_service": {
          "other_platform_oauth_client": [
            {
              "client_id": "565704979093-9pvclqk6t1aemfcgl5iqko12nvhnqamm.apps.googleusercontent.com",
              "client_type": 3
            },
            {
              "client_id": "565704979093-nddohtjvjbtanl8pk99h5k3gpktetam7.apps.googleusercontent.com",
              "client_type": 2,
              "ios_info": {
                "bundle_id": "com.wrteam.flutterquiz"
              }
            }
          ]
        }
      }
    },
    {
      "client_info": {
        "mobilesdk_app_id": "1:565704979093:android:ff267650799eee4c54219c",
        "android_client_info": {
          "package_name": "com.gcwuf.apps.bloodbank"
        }
      },
      "oauth_client": [
        {
          "client_id": "565704979093-95bmv008vaslgpd9hedttl2i189qiq4m.apps.googleusercontent.com",
          "client_type": 1,
          "android_info": {
            "package_name": "com.gcwuf.apps.bloodbank",
            "certificate_hash": "82618cd902795bf5165180982224b995e8bfc5ec"
          }
        },
        {
          "client_id": "565704979093-9pvclqk6t1aemfcgl5iqko12nvhnqamm.apps.googleusercontent.com",
          "client_type": 3
        }
      ],
      "api_key": [
        {
          "current_key": "AIzaSyCIwBcsTSIdHJJZFwoviuB5_aEEQ3CuAro"
        }
      ],
      "services": {
        "appinvite_service": {
          "other_platform_oauth_client": [
            {
              "client_id": "565704979093-9pvclqk6t1aemfcgl5iqko12nvhnqamm.apps.googleusercontent.com",
              "client_type": 3
            },
            {
              "client_id": "565704979093-nddohtjvjbtanl8pk99h5k3gpktetam7.apps.googleusercontent.com",
              "client_type": 2,
              "ios_info": {
                "bundle_id": "com.wrteam.flutterquiz"
              }
            }
          ]
        }
      }
    },
    {
      "client_info": {
        "mobilesdk_app_id": "1:565704979093:android:3fdca02601285a5b54219c",
        "android_client_info": {
          "package_name": "com.gcwuf.ebooksapp"
        }
      },
      "oauth_client": [
        {
          "client_id": "565704979093-agkfhj8mcc9anvgktgt8q3i7dg0oq50a.apps.googleusercontent.com",
          "client_type": 1,
          "android_info": {
            "package_name": "com.gcwuf.ebooksapp",
            "certificate_hash": "96616583f91145f8d5cb6cf0c375cdcb0fb3718b"
          }
        },
        {
          "client_id": "565704979093-9pvclqk6t1aemfcgl5iqko12nvhnqamm.apps.googleusercontent.com",
          "client_type": 3
        }
      ],
      "api_key": [
        {
          "current_key": "AIzaSyCIwBcsTSIdHJJZFwoviuB5_aEEQ3CuAro"
        }
      ],
      "services": {
        "appinvite_service": {
          "other_platform_oauth_client": [
            {
              "client_id": "565704979093-9pvclqk6t1aemfcgl5iqko12nvhnqamm.apps.googleusercontent.com",
              "client_type": 3
            },
            {
              "client_id": "565704979093-nddohtjvjbtanl8pk99h5k3gpktetam7.apps.googleusercontent.com",
              "client_type": 2,
              "ios_info": {
                "bundle_id": "com.wrteam.flutterquiz"
              }
            }
          ]
        }
      }
    },
    {
      "client_info": {
        "mobilesdk_app_id": "1:565704979093:android:acdbdba2ffa8df2f54219c",
        "android_client_info": {
          "package_name": "com.misbah.plantcart"
        }
      },
      "oauth_client": [
        {
          "client_id": "565704979093-5tqtt7stru3regmklnj37f23fkj69p4l.apps.googleusercontent.com",
          "client_type": 1,
          "android_info": {
            "package_name": "com.misbah.plantcart",
            "certificate_hash": "ab06cf67599fa0a2f049d949c4a6b2821f6108ce"
          }
        },
        {
          "client_id": "565704979093-ohvo9eehqkfl5o3i903svtjlgtc2su9p.apps.googleusercontent.com",
          "client_type": 1,
          "android_info": {
            "package_name": "com.misbah.plantcart",
            "certificate_hash": "4e7985584a94aada7312c600574d6453fe04ae6e"
          }
        },
        {
          "client_id": "565704979093-9pvclqk6t1aemfcgl5iqko12nvhnqamm.apps.googleusercontent.com",
          "client_type": 3
        }
      ],
      "api_key": [
        {
          "current_key": "AIzaSyCIwBcsTSIdHJJZFwoviuB5_aEEQ3CuAro"
        }
      ],
      "services": {
        "appinvite_service": {
          "other_platform_oauth_client": [
            {
              "client_id": "565704979093-9pvclqk6t1aemfcgl5iqko12nvhnqamm.apps.googleusercontent.com",
              "client_type": 3
            },
            {
              "client_id": "565704979093-nddohtjvjbtanl8pk99h5k3gpktetam7.apps.googleusercontent.com",
              "client_type": 2,
              "ios_info": {
                "bundle_id": "com.wrteam.flutterquiz"
              }
            }
          ]
        }
      }
    },
    {
      "client_info": {
        "mobilesdk_app_id": "1:565704979093:android:a719b4d771ae0f8754219c",
        "android_client_info": {
          "package_name": "com.retrytech.veginew"
        }
      },
      "oauth_client": [
        {
          "client_id": "565704979093-af48sr4atnsl47jsjh362htv9spaqghu.apps.googleusercontent.com",
          "client_type": 1,
          "android_info": {
            "package_name": "com.retrytech.veginew",
            "certificate_hash": "ab06cf67599fa0a2f049d949c4a6b2821f6108ce"
          }
        },
        {
          "client_id": "565704979093-9pvclqk6t1aemfcgl5iqko12nvhnqamm.apps.googleusercontent.com",
          "client_type": 3
        }
      ],
      "api_key": [
        {
          "current_key": "AIzaSyCIwBcsTSIdHJJZFwoviuB5_aEEQ3CuAro"
        }
      ],
      "services": {
        "appinvite_service": {
          "other_platform_oauth_client": [
            {
              "client_id": "565704979093-9pvclqk6t1aemfcgl5iqko12nvhnqamm.apps.googleusercontent.com",
              "client_type": 3
            },
            {
              "client_id": "565704979093-nddohtjvjbtanl8pk99h5k3gpktetam7.apps.googleusercontent.com",
              "client_type": 2,
              "ios_info": {
                "bundle_id": "com.wrteam.flutterquiz"
              }
            }
          ]
        }
      }
    }
  ],
  "configuration_version": "1"
}
